"Lead ID","Lead Pack",Phone,"Area Code","First Name","Last Name","Street Address 1","Street Address 2",City,County,State,Zip
801,1315899225_test.csv,"2134934079",213,"KYLA                ","FORBES              ","3764 S FLOWER ST                        ","               ","LOS ANGELES                 ","LOS ANGELES              ",CA,90007
757,1315899202_test.csv,"2133882376",213,"CORAZON             ","NUCUM               ","410 S MANHATTAN PL                      ","               ","LOS ANGELES                 ","LOS ANGELES              ",CA,90020
1372,1315899355_test.csv,"2134820861",213,"JOSE                ","CANSECO             ","421 S BIXEL ST                          ","               ","LOS ANGELES                 ","LOS ANGELES              ",CA,90017
1553,1315899355_test.csv,"2133882376",213,"CORAZON             ","NUCUM               ","410 S MANHATTAN PL                      ","               ","LOS ANGELES                 ","LOS ANGELES              ",CA,90020
956,1315899225_test.csv,"2133882376",213,"CORAZON             ","NUCUM               ","410 S MANHATTAN PL                      ","               ","LOS ANGELES                 ","LOS ANGELES              ",CA,90020
1398,1315899355_test.csv,"2134934079",213,"KYLA                ","FORBES              ","3764 S FLOWER ST                        ","               ","LOS ANGELES                 ","LOS ANGELES              ",CA,90007
576,1315899202_test.csv,"2134820861",213,"JOSE                ","CANSECO             ","421 S BIXEL ST                          ","               ","LOS ANGELES                 ","LOS ANGELES              ",CA,90017
775,1315899225_test.csv,"2134820861",213,"JOSE                ","CANSECO             ","421 S BIXEL ST                          ","               ","LOS ANGELES                 ","LOS ANGELES              ",CA,90017
602,1315899202_test.csv,"2134934079",213,"KYLA                ","FORBES              ","3764 S FLOWER ST                        ","               ","LOS ANGELES                 ","LOS ANGELES              ",CA,90007
